Date,RF_m,ACWI_m,SP500_m,RUSSELL1000_m,EW_m,GMV_m,RP_m,GMV_EW_m,YoY_Infl,CPI,HighInflation,ACWI_exc,SP500_exc,RUSSELL1000_exc,EW_exc,GMV_exc,RP_exc,GMV_EW_exc
2006-01-02,0.001651581302,0.049226471111,0.026178755838,0.027726518343,0.090915626432,0.086073576300,0.095229321962,0.088494601366,0.040000000000,198.300000000000,0,0.047574889809,0.024527174536,0.026074937041,0.089264045130,0.084421994999,0.093577740660,0.086843020064
2006-02-01,0.001651581302,-0.001468668508,0.002032975828,0.001592284759,0.006626345443,0.007010537889,0.004596483332,0.006818441666,0.036000000000,198.700000000000,0,-0.003120249809,0.000381394526,-0.000059296543,0.004974764141,0.005358956587,0.002944902030,0.005166860364
2006-03-01,0.001651581302,0.021036093178,0.012029330479,0.013744038425,0.021258321638,0.013348652987,0.017320622464,0.017303487313,0.034000000000,199.800000000000,0,0.019384511876,0.010377749177,0.012092457123,0.019606740336,0.011697071685,0.015669041162,0.015651906011
2006-04-03,0.001651581302,0.033284365130,0.013059721126,0.011633597295,0.059652828513,0.039237009957,0.055842728864,0.049444919235,0.035000000000,201.500000000000,0,0.031632783828,0.011408139824,0.009982015993,0.058001247211,0.037585428655,0.054191147562,0.047793337933
2006-05-01,0.001651581302,-0.039422192571,-0.029423680219,-0.030156775655,-0.078295585569,-0.072593452142,-0.078034426637,-0.075444518856,0.042000000000,202.500000000000,0,-0.041073773873,-0.031075261521,-0.031808356957,-0.079947166871,-0.074245033444,-0.079686007939,-0.077096100158
2006-06-01,0.001651581302,-0.000431015551,0.000973954738,0.000918211189,-0.010944495658,-0.033363860677,-0.018798069564,-0.022154178167,0.043000000000,202.900000000000,0,-0.002082596853,-0.000677626564,-0.000733370113,-0.012596076960,-0.035015441979,-0.020449650866,-0.023805759469
2006-07-03,0.001651581302,0.006824981031,0.005843388631,0.001880039866,0.027780725305,0.024543963949,0.028031221352,0.026162344627,0.041000000000,203.500000000000,0,0.005173399729,0.004191807329,0.000228458564,0.026129144003,0.022892382647,0.026379640050,0.024510763325
2006-08-01,0.001651581302,0.025920133274,0.023035792114,0.023264226448,0.029899763067,0.039478550384,0.034088951310,0.034689156726,0.038000000000,203.900000000000,0,0.024268551972,0.021384210813,0.021612645146,0.028248181765,0.037826969082,0.032437370008,0.033037575424
2006-09-01,0.001651581302,0.011653322833,0.025410960328,0.023365002209,0.010576783024,0.018672464079,0.012195148439,0.014624623551,0.021000000000,202.900000000000,0,0.010001741532,0.023759379026,0.021713420908,0.008925201722,0.017020882777,0.010543567137,0.012973042249
2006-10-02,0.001651581302,0.037510767518,0.032264765640,0.033648189129,0.054015697212,0.039071344395,0.049264201707,0.046543520803,0.013000000000,201.800000000000,0,0.035859186216,0.030613184338,0.031996607827,0.052364115910,0.037419763093,0.047612620405,0.044891939501
2006-11-01,0.001651581302,0.028271113096,0.018249196260,0.020594870081,0.046885808897,0.027485790435,0.038748540090,0.037185799666,0.020000000000,201.500000000000,0,0.026619531794,0.016597614958,0.018943288779,0.045234227596,0.025834209133,0.037096958788,0.035534218364
2006-12-01,0.001651581302,0.022313816357,0.013603081180,0.012371577095,0.040337809207,0.034439744186,0.036247059782,0.037388776696,0.025000000000,201.800000000000,0,0.020662235056,0.011951499878,0.010719995793,0.038686227905,0.032788162884,0.034595478480,0.035737195394
2007-01-01,0.001651581302,0.009949090866,0.014804422780,0.018952220189,0.017371577055,0.052585078302,0.028805293727,0.034978327679,0.021000000000,202.416000000000,0,0.008297509564,0.013152841478,0.017300638888,0.015719995754,0.050933497000,0.027153712426,0.033326746377
2007-02-01,0.001651581302,-0.005265322018,-0.020244812267,-0.017855725736,-0.001792706264,0.005050076586,0.002783366832,0.001628685161,0.024000000000,203.499000000000,0,-0.006916903320,-0.021896393569,-0.019507307038,-0.003444287566,0.003398495284,0.001131785530,-0.000022896141
2007-03-01,0.001651581302,0.020056118853,0.010824229437,0.010019392372,0.038042665663,0.024212430353,0.032448440906,0.031127548008,0.028000000000,205.352000000000,0,0.018404537551,0.009172648135,0.008367811070,0.036391084361,0.022560849052,0.030796859604,0.029475966706
2007-04-02,0.001651581302,0.044389529172,0.043992599287,0.041740000000,0.059649208443,0.055134633389,0.056245093989,0.057391920916,0.026000000000,206.686000000000,0,0.042737947870,0.042341017985,0.040088418698,0.057997627141,0.053483052087,0.054593512687,0.055740339614
2007-05-01,0.001651581302,0.029731949010,0.034188770238,0.035363910381,0.036197084248,0.030337114373,0.032829148269,0.033267099310,0.027000000000,207.949000000000,0,0.028080367708,0.032537188936,0.033712329079,0.034545502946,0.028685533071,0.031177566967,0.031615518008
2007-06-01,0.001651581302,-0.002939023857,-0.016974111522,-0.019470043947,0.017450241985,0.008758288330,0.015389002268,0.013104265158,0.027000000000,208.352000000000,0,-0.004590605159,-0.018625692824,-0.021121625249,0.015798660683,0.007106707028,0.013737420966,0.011452683856
2007-07-02,0.001651581302,-0.015271257167,-0.031297648664,-0.031174946576,0.015999266500,0.003007090120,0.011813503588,0.009503178310,0.024000000000,208.299000000000,0,-0.016922838469,-0.032949229966,-0.032826527878,0.014347685198,0.001355508818,0.010161922286,0.007851597008
2007-08-01,0.001651581302,-0.002766661155,0.014350279366,0.012970788886,-0.029794523847,-0.035398457431,-0.031482853605,-0.032596490639,0.020000000000,207.917000000000,0,-0.004418242457,0.012698698064,0.011319207584,-0.031446105149,-0.037050038733,-0.033134434907,-0.034248071941
2007-09-03,0.001651581302,0.053681223897,0.036919907802,0.037730031795,0.079714347738,0.069985182808,0.075400518172,0.074849765273,0.028000000000,208.490000000000,0,0.052029642595,0.035268326500,0.036078450493,0.078062766436,0.068333601506,0.073748936870,0.073198183971
2007-10-01,0.001651581302,0.039012122939,0.015577618987,0.017120680371,0.071931978937,0.068997655623,0.072115012455,0.070464817280,0.035000000000,208.936000000000,0,0.037360541637,0.013926037685,0.015469099069,0.070280397635,0.067346074321,0.070463431153,0.068813235978
2007-11-01,0.001651581302,-0.044213990594,-0.042474352953,-0.043258785942,-0.044771420245,-0.023538733534,-0.037043462509,-0.034155076889,0.043000000000,210.177000000000,0,-0.045865571896,-0.044125934255,-0.044910367244,-0.046423001547,-0.025190314836,-0.038695043811,-0.035806658191
2007-12-03,0.001651581302,-0.011069758103,-0.007447071793,-0.007022163704,0.000035876631,0.017264524169,0.005226203455,0.008650200400,0.041000000000,210.036000000000,0,-0.012721339405,-0.009098653095,-0.008673745006,-0.001615704671,0.015612942867,0.003574622153,0.006998619098
2008-01-01,0.001651581302,-0.081905781699,-0.060336385892,-0.060283449436,-0.088329373145,-0.028325487137,-0.068293008970,-0.058327430141,0.043000000000,211.080000000000,0,-0.083557363001,-0.061987967194,-0.061935030737,-0.089980954447,-0.029977068439,-0.069944590272,-0.059979011443
2008-02-01,0.001651581302,0.002826736863,-0.033169136059,-0.031196000041,0.042009649768,0.025867596232,0.038897292294,0.033938623000,0.040000000000,211.693000000000,0,0.001175155561,-0.034820717361,-0.032847581343,0.040358068466,0.024216014930,0.037245710992,0.032287041698
2008-03-03,0.001651581302,-0.014670538762,-0.004810475259,-0.007261213720,-0.016305306906,-0.020482144527,-0.013755640893,-0.018393725716,0.040000000000,213.528000000000,0,-0.016322120064,-0.006462056561,-0.008912795022,-0.017956888208,-0.022133725829,-0.015407222195,-0.020045307018
2008-04-01,0.001651581302,0.055785790683,0.048357334831,0.050360400587,0.046891490721,0.029087885938,0.038534144445,0.037989688330,0.039000000000,214.823000000000,0,0.054134209381,0.046705753529,0.048708819285,0.045239909419,0.027436304636,0.036882563143,0.036338107028
2008-05-01,0.001651581302,0.015630081060,0.012268266085,0.017702608326,0.011192700223,-0.011245444994,0.004436809372,-0.000026372386,0.042000000000,216.632000000000,0,0.013978499758,0.010616684783,0.016051027024,0.009541118921,-0.012897026296,0.002785228070,-0.001677953687
2008-06-02,0.001651581302,-0.082111197281,-0.084803984105,-0.083552134304,-0.085595892153,-0.060190507708,-0.072223830860,-0.072893199930,0.050000000000,218.815000000000,0,-0.083762778583,-0.086455565407,-0.085203715606,-0.087247473455,-0.061842089010,-0.073875412162,-0.074544781232
2008-07-01,0.001651581302,-0.025970260150,-0.008838729329,-0.012045970026,-0.026907755338,-0.033350851310,-0.031034330038,-0.030129303324,0.056000000000,219.964000000000,1,-0.027621841452,-0.010490310631,-0.013697551328,-0.028559336640,-0.035002432612,-0.032685911340,-0.031780884626
2008-08-01,0.001651581302,-0.021556050046,0.013777405056,0.013137515516,-0.056929704191,-0.053976666091,-0.055018178422,-0.055453185141,0.054000000000,219.086000000000,1,-0.023207631348,0.012125823754,0.011485934214,-0.058581285493,-0.055628247393,-0.056669759724,-0.057104766443
2008-09-01,0.001651581302,-0.124975563588,-0.089607760525,-0.095779167977,-0.158530470801,-0.106258789854,-0.144600773113,-0.132394630328,0.049000000000,218.783000000000,1,-0.126627144890,-0.091259341827,-0.097430749279,-0.160182052103,-0.107910371156,-0.146252354415,-0.134046211629
2008-10-01,0.001651581302,-0.198153629719,-0.168393665414,-0.175026079449,-0.262956627402,-0.182188537781,-0.239250064902,-0.222572582591,0.037000000000,216.573000000000,1,-0.199805211021,-0.170045246716,-0.176677660751,-0.264608208704,-0.183840119083,-0.240901646204,-0.224224163893
2008-11-03,0.001651581302,-0.065695082222,-0.072684578789,-0.076509403796,-0.066936080469,-0.075500641724,-0.068556158829,-0.071218361097,0.011000000000,212.425000000000,0,-0.067346663524,-0.074336160091,-0.078160985098,-0.068587661771,-0.077152223026,-0.070207740131,-0.072869942399
2008-12-01,0.001651581302,0.036242598903,0.009799544786,0.015140545815,0.053692149234,0.009361093876,0.029160953343,0.031526621555,0.001000000000,210.228000000000,0,0.034591017601,0.008147963484,0.013488964513,0.052040567932,0.007709512574,0.027509372041,0.029875040253
2009-01-01,0.001651581302,-0.085434625448,-0.084701909000,-0.082015503876,-0.084577682414,-0.076349112775,-0.082829125973,-0.080463397594,0.000000000000,211.143000000000,0,-0.087086206750,-0.086353490302,-0.083667085178,-0.086229263716,-0.078000694077,-0.084480707275,-0.082114978896
2009-02-02,0.001651581302,-0.097920974239,-0.107513599544,-0.104357372066,-0.083336549017,-0.031428026605,-0.069736387859,-0.057382287811,0.002000000000,212.193000000000,0,-0.099572555541,-0.109165180846,-0.106008953367,-0.084988130319,-0.033079607907,-0.071387969161,-0.059033869113
2009-03-02,0.001651581302,0.082373864509,0.086937620328,0.086779430899,0.104822815993,0.062544040111,0.092470975969,0.083683428052,-0.004000000000,212.709000000000,0,0.080722283207,0.085286039026,0.085127849597,0.103171234691,0.060892458809,0.090819394667,0.082031846750
2009-04-01,0.001651581302,0.118041805618,0.095174350268,0.100723543803,0.156631141757,0.109482039033,0.147918545880,0.133056590395,-0.007000000000,213.240000000000,0,0.116390224316,0.093522768966,0.099071962501,0.154979560455,0.107830457731,0.146266964578,0.131405009093
2009-05-01,0.001651581302,0.099640680591,0.055071102764,0.054525678615,0.142422594479,0.104036961478,0.133844205685,0.123229777979,-0.013000000000,213.856000000000,0,0.097989099289,0.053419521462,0.052874097313,0.140771013177,0.102385380176,0.132192624383,0.121578196677
2009-06-01,0.001651581302,-0.005600037418,0.001448138965,0.001913389240,-0.002280487385,0.012112080455,0.002852944862,0.004915796535,-0.014000000000,215.693000000000,0,-0.007251618719,-0.000203442337,0.000261807938,-0.003932068687,0.010460499153,0.001201363560,0.003264215233
2009-07-01,0.001651581302,0.088027097114,0.075187280448,0.075882133532,0.109268586709,0.074044218949,0.100447083704,0.091656402829,-0.021000000000,215.351000000000,0,0.086375515812,0.073535699146,0.074230552230,0.107617005407,0.072392637647,0.098795502402,0.090004821527
2009-08-03,0.001651581302,0.035762077089,0.035348532065,0.035611765195,0.038154970314,0.023162860819,0.032707260487,0.030658915567,-0.015000000000,215.834000000000,0,0.034110495787,0.033696950763,0.033960183893,0.036503389012,0.021511279517,0.031055679185,0.029007334265
2009-09-01,0.001651581302,0.045874005311,0.036834734781,0.040091592014,0.066020151512,0.033766072484,0.058803102567,0.049893111998,-0.013000000000,215.969000000000,0,0.044222424010,0.035183153479,0.038440010712,0.064368570210,0.032114491182,0.057151521265,0.048241530696
2009-10-01,0.001651581302,-0.015449507892,-0.018933421339,-0.022427355709,-0.010927231236,0.005941961805,-0.008456562188,-0.002492634716,-0.002000000000,216.177000000000,0,-0.017101089194,-0.020585002641,-0.024078937011,-0.012578812538,0.004290380503,-0.010108143490,-0.004144216018
2009-11-02,0.001651581302,0.041125000205,0.059198395296,0.058118555004,0.024146882808,0.001235512766,0.017426450151,0.012691197787,0.018000000000,216.330000000000,0,0.039473418903,0.057546813994,0.056466973702,0.022495301506,-0.000416068536,0.015774868849,0.011039616485
2009-12-01,0.001651581302,0.020706326404,0.018849503914,0.023859902420,0.021785636959,0.033755537286,0.023463244624,0.027770587122,0.027000000000,215.949000000000,0,0.019054745102,0.017197922612,0.022208321118,0.020134055657,0.032103955984,0.021811663322,0.026119005820
2010-01-01,0.001651581302,-0.043209615021,-0.036274215521,-0.036262627491,-0.036295251040,-0.006128667592,-0.029868332267,-0.021211959316,0.026000000000,216.687000000000,0,-0.044861196323,-0.037925796823,-0.037914208792,-0.037946832341,-0.007780248894,-0.031519913569,-0.022863540618
2010-02-01,0.001651581302,0.012735465039,0.030236235565,0.032253588637,-0.008620549555,0.005878614195,-0.003439709107,-0.001370967680,0.021000000000,216.741000000000,0,0.011083883738,0.028584654263,0.030602007336,-0.010272130856,0.004227032893,-0.005091290409,-0.003022548982
2010-03-01,0.001651581302,0.064328096500,0.059883720930,0.060964135150,0.072917514247,0.049870609058,0.067955297303,0.061394061652,0.023000000000,217.631000000000,0,0.062676515198,0.058232139628,0.059312553848,0.071265932945,0.048219027756,0.066303716001,0.059742480350
2010-04-01,0.001651581302,0.001688807998,0.015474492595,0.018197733346,0.002941821023,0.012042270758,0.006014538471,0.007492045890,0.022000000000,218.009000000000,0,0.000037226696,0.013822911293,0.016546152044,0.001290239721,0.010390689456,0.004362957169,0.005840464588
2010-05-03,0.001651581302,-0.094810729933,-0.080487897105,-0.079894574906,-0.106310133866,-0.085192759382,-0.099378698170,-0.095751446624,0.020000000000,218.178000000000,0,-0.096462311235,-0.082139478407,-0.081546156208,-0.107961715167,-0.086844340684,-0.101030279472,-0.097403027926
2010-06-01,0.001651581302,-0.030804013140,-0.052807820422,-0.056121759015,-0.014110653929,-0.010787035198,-0.011577728831,-0.012448844564,0.011000000000,217.965000000000,0,-0.032455594442,-0.054459401724,-0.057773340316,-0.015762235231,-0.012438616500,-0.013229310133,-0.014100425866
2010-07-01,0.001651581302,0.081364261394,0.069675994840,0.069123163489,0.102080601252,0.056673857423,0.089013427684,0.079377229338,0.012000000000,218.011000000000,0,0.079712680092,0.068024413538,0.067471582187,0.100429019951,0.055022276121,0.087361846382,0.077725648036
2010-08-02,0.001651581302,-0.034957911028,-0.045840919370,-0.045356529367,-0.022232925157,0.009617164442,-0.015249323652,-0.006307880357,0.011000000000,218.312000000000,0,-0.036609492330,-0.047492500672,-0.047008110669,-0.023884506459,0.007965583140,-0.016900904953,-0.007959461659
2010-09-01,0.001651581302,0.095667430938,0.088739669421,0.091373149566,0.111461095619,0.082505983534,0.105421243467,0.096983539576,0.011000000000,218.439000000000,0,0.094015849636,0.087088088120,0.089721568264,0.109809514317,0.080854402232,0.103769662165,0.095331958274
2010-10-01,0.001651581302,0.036139918827,0.037691934161,0.038575771749,0.038972881963,0.021312486981,0.035593226308,0.030142684472,0.012000000000,218.711000000000,0,0.034488337525,0.036040352859,0.036924190447,0.037321300661,0.019660905679,0.033941645006,0.028491103170
2010-11-01,0.001651581302,-0.022248719544,-0.000597043826,0.002600794875,-0.059904364391,-0.019349955745,-0.051165310190,-0.039627160068,0.011000000000,218.803000000000,0,-0.023900300846,-0.002248625128,0.000949213573,-0.061555945693,-0.021001537046,-0.052816891492,-0.041278741370
2010-12-01,0.001651581302,0.073225769666,0.066370657410,0.066288601909,0.075701883479,0.072128943941,0.072398348120,0.073915413710,0.015000000000,219.179000000000,0,0.071574188364,0.064719076108,0.064637020607,0.074050302177,0.070477362639,0.070746766818,0.072263832408
2011-01-03,0.001651581302,0.015693303522,0.023387857896,0.023759122935,0.000359897109,-0.029211823841,-0.006066790173,-0.014425963366,0.016000000000,220.223000000000,0,0.014041722221,0.021736276594,0.022107541633,-0.001291684193,-0.030863405143,-0.007718371475,-0.016077544668
2011-02-01,0.001651581302,0.029125335940,0.033569889185,0.034153216266,0.012587482115,-0.000607683220,0.009983849542,0.005989899447,0.021000000000,221.309000000000,0,0.027473754638,0.031918307883,0.032501634964,0.010935900813,-0.002259264522,0.008332268240,0.004338318145
2011-03-01,0.001651581302,-0.001003621837,-0.000038171946,0.002148633728,0.025847379303,0.005507968907,0.021938340665,0.015677674105,0.027000000000,223.467000000000,0,-0.002655203139,-0.001689753247,0.000497052426,0.024195798001,0.003856387605,0.020286759363,0.014026092803
2011-04-01,0.001651581302,0.040912164589,0.029278999857,0.029758300660,0.047775235369,0.026721874090,0.039949250766,0.037248554730,0.032000000000,224.906000000000,0,0.039260583287,0.027627418555,0.028106719358,0.046123654067,0.025070292788,0.038297669464,0.035596973428
2011-05-02,0.001651581302,-0.021490363343,-0.011974632138,-0.011326065373,-0.028427931309,0.012573088380,-0.018098204717,-0.007927421465,0.036000000000,225.964000000000,0,-0.023141944645,-0.013626213440,-0.012977646675,-0.030079512611,0.010921507078,-0.019749786019,-0.009579002767
2011-06-01,0.001651581302,-0.015758085550,-0.017145028927,-0.017949067935,-0.017838772176,-0.019321360536,-0.018629938383,-0.018580066356,0.036000000000,225.722000000000,0,-0.017409666852,-0.018796610229,-0.019600649237,-0.019490353478,-0.020972941838,-0.020281519685,-0.020231647658
2011-07-01,0.001651581302,-0.016279678526,-0.020676090495,-0.022019915216,-0.018076173074,-0.011919829149,-0.013741035011,-0.014998001112,0.036000000000,225.922000000000,0,-0.017931259828,-0.022327671797,-0.023671496518,-0.019727754376,-0.013571410451,-0.015392616313,-0.016649582413
2011-08-01,0.001651581302,-0.073050770199,-0.055065370629,-0.058278938980,-0.083394610967,-0.060493260791,-0.075485105287,-0.071943935879,0.038000000000,226.545000000000,0,-0.074702351501,-0.056716951930,-0.059930520282,-0.085046192269,-0.062144842093,-0.077136686588,-0.073595517181
2011-09-01,0.001651581302,-0.094414101003,-0.070738023751,-0.075058209727,-0.128327091365,-0.100092744881,-0.119679381963,-0.114209918123,0.039000000000,226.889000000000,0,-0.096065682305,-0.072389605053,-0.076709791029,-0.129978672667,-0.101744326183,-0.121330963265,-0.115861499425
2011-10-03,0.001651581302,0.107147833490,0.108821406762,0.111648505332,0.105034155574,0.087543143906,0.098190646776,0.096288649740,0.035000000000,226.421000000000,0,0.105496252188,0.107169825460,0.109996924030,0.103382574272,0.085891562604,0.096539065474,0.094637068438
2011-11-01,0.001651581302,-0.029940340229,-0.003064105902,-0.003396760497,-0.059214777851,-0.062236708827,-0.060061048228,-0.060725743339,0.034000000000,226.230000000000,0,-0.031591921531,-0.004715687204,-0.005048341799,-0.060866359153,-0.063888290129,-0.061712629530,-0.062377324641
2011-12-01,0.001651581302,-0.002017466909,0.009722780233,0.007858112160,-0.017246314997,-0.000448203402,-0.013787093961,-0.008847259199,0.030000000000,225.672000000000,0,-0.003669048211,0.008071198931,0.006206530858,-0.018897896299,-0.002099784703,-0.015438675263,-0.010498840501
2012-01-02,0.001651581302,0.058143284749,0.044445328665,0.048378006012,0.087905319515,0.085792147524,0.087190087335,0.086848733519,0.029000000000,226.665000000000,0,0.056491703447,0.042793747363,0.046726424710,0.086253738213,0.084140566222,0.085538506033,0.085197152217
2012-02-01,0.001651581302,0.050313775817,0.042444474075,0.043158806487,0.058820415381,0.055548880566,0.057090590466,0.057184647974,0.029000000000,227.663000000000,0,0.048662194515,0.040792892773,0.041507225185,0.057168834079,0.053897299264,0.055439009164,0.055533066672
2012-03-01,0.001651581302,0.006641464035,0.032434160937,0.030827082021,-0.009260144089,0.003196129185,-0.006807850089,-0.003032007452,0.027000000000,229.392000000000,0,0.004989882733,0.030782579635,0.029175500719,-0.010911725391,0.001544547883,-0.008459431391,-0.004683588754
2012-04-02,0.001651581302,-0.011432780995,-0.006641445986,-0.006138434190,-0.017517716604,-0.009877438855,-0.015660505037,-0.013697577730,0.023000000000,230.085000000000,0,-0.013084362296,-0.008293027288,-0.007790015492,-0.019169297906,-0.011529020157,-0.017312086339,-0.015349159032
2012-05-01,0.001651581302,-0.089660371897,-0.060867512383,-0.062154734734,-0.120252032570,-0.071368670027,-0.107064106836,-0.095810351299,0.017000000000,229.815000000000,0,-0.091311953199,-0.062519093685,-0.063806316036,-0.121903613872,-0.073020251329,-0.108715688138,-0.097461932600
2012-06-01,0.001651581302,0.049391474194,0.040708787274,0.037785702224,0.064089659039,0.020490619822,0.051344142711,0.042290139430,0.017000000000,229.478000000000,0,0.047739892892,0.039057205972,0.036134120922,0.062438077737,0.018839038520,0.049692561409,0.040638558128
2012-07-02,0.001651581302,0.013687462272,0.013503659615,0.011495353044,0.013556499593,0.014070942368,0.014634618099,0.013813720980,0.014000000000,229.104000000000,0,0.012035880970,0.011852078313,0.009843771742,0.011904918291,0.012419361066,0.012983036797,0.012162139679
2012-08-01,0.001651581302,0.021747021838,0.021692110529,0.023524290770,0.027012554812,0.012580077389,0.023355463832,0.019796316101,0.017000000000,230.379000000000,0,0.020095440536,0.020040529227,0.021872709468,0.025360973510,0.010928496087,0.021703882530,0.018144734799
2012-09-03,0.001651581302,0.031497568475,0.025359910919,0.025230205984,0.041195617906,0.031225074452,0.039385166973,0.036210346179,0.020000000000,231.407000000000,0,0.029845987173,0.023708329617,0.023578624682,0.039544036604,0.029573493150,0.037733585672,0.034558764877
2012-10-01,0.001651581302,-0.006669877441,-0.018865008950,-0.017241845743,0.011036064154,0.000485105215,0.007933176193,0.005760584685,0.022000000000,231.317000000000,0,-0.008321458743,-0.020516590252,-0.018893427045,0.009384482852,-0.001166476087,0.006281594891,0.004109003383
2012-11-01,0.001651581302,0.012789849611,0.004917401652,0.007120507244,0.010960981630,0.003511191306,0.008582121990,0.007236086468,0.018000000000,230.221000000000,0,0.011138268309,0.003265820350,0.005468925942,0.009309400328,0.001859610004,0.006930540688,0.005584505166
2012-12-03,0.001651581302,0.022651115736,0.008498040923,0.009767030804,0.036350468661,0.020471355567,0.032090165402,0.028410912114,0.017000000000,229.601000000000,0,0.020999534434,0.006846459621,0.008115449502,0.034698887359,0.018819774265,0.030438584100,0.026759330812
2013-01-01,0.001651581302,0.046067180040,0.051387425967,0.053857744814,0.041627992075,0.025088204319,0.036101517374,0.033358098197,0.016000000000,230.280000000000,0,0.044415598738,0.049735844665,0.052206163512,0.039976410773,0.023436623017,0.034449936073,0.031706516895
2013-02-01,0.001651581302,-0.000157919481,0.012818407266,0.012748505968,-0.014689367951,0.007676362816,-0.008992470585,-0.003506502567,0.020000000000,232.166000000000,0,-0.001809500783,0.011166825964,0.011096924666,-0.016340949253,0.006024781514,-0.010644051887,-0.005158083869
2013-03-01,0.001651581302,0.018283908288,0.037048297781,0.038136058908,-0.007353102775,0.006432809684,-0.002899494578,-0.000460146546,0.015000000000,232.773000000000,0,0.016632326986,0.035396716479,0.036484477606,-0.009004684077,0.004781228382,-0.004551075880,-0.002111727847
2013-04-01,0.001651581302,0.028567662002,0.018911956594,0.017728301764,0.025011040795,0.023063641820,0.024660567100,0.024037341307,0.011000000000,232.531000000000,0,0.026916080700,0.017260375292,0.016076720462,0.023359459493,0.021412060518,0.023008985798,0.022385760006
2013-05-01,0.001651581302,-0.002738947277,0.022604592277,0.021524304861,-0.025048714811,-0.016387039030,-0.025052545196,-0.020717876921,0.014000000000,232.945000000000,0,-0.004390528579,0.020953010975,0.019872723559,-0.026700296113,-0.018038620332,-0.026704126498,-0.022369458223
2013-06-03,0.001651581302,-0.029230090794,-0.013903739303,-0.014099400775,-0.052774892440,-0.035106629768,-0.049208540707,-0.043940761104,0.018000000000,233.504000000000,0,-0.030881672096,-0.015555320605,-0.015750982077,-0.054426473742,-0.036758211070,-0.050860122009,-0.045592342406
2013-07-01,0.001651581302,0.047873022462,0.050460164130,0.053112461765,0.036480652912,0.019538021421,0.029584736949,0.028009337167,0.020000000000,233.596000000000,0,0.046221441160,0.048808582828,0.051460880463,0.034829071610,0.017886440119,0.027933155647,0.026357755865
2013-08-01,0.001651581302,-0.020836593874,-0.029662735781,-0.028215767635,-0.021900244080,-0.036651365610,-0.027931741331,-0.029275804845,0.015000000000,233.877000000000,0,-0.022488175176,-0.031314317083,-0.029867348937,-0.023551825382,-0.038302946912,-0.029583322633,-0.030927386147
2013-09-02,0.001651581302,0.051654045400,0.030875579477,0.034391739772,0.068501365902,0.053216437856,0.065643708590,0.060858901879,0.012000000000,234.149000000000,0,0.050002464098,0.029223998175,0.032740158470,0.066849784600,0.051564856554,0.063992127289,0.059207320577
2013-10-01,0.001651581302,0.040189083182,0.045556255567,0.043650555389,0.052318291874,0.045802916368,0.051935944759,0.049060604121,0.010000000000,233.546000000000,0,0.038537501880,0.043904674265,0.041998974087,0.050666710572,0.044151335066,0.050284363457,0.047409022819
2013-11-01,0.001651581302,0.014163800320,0.029747063387,0.027399033483,-0.015274349111,-0.019407044559,-0.017591026758,-0.017340696835,0.012000000000,233.069000000000,0,0.012512219018,0.028095482085,0.025747452181,-0.016925930413,-0.021058625861,-0.019242608060,-0.018992278137
2013-12-02,0.001651581302,0.017254234189,0.024788302316,0.026479358280,-0.001903194143,0.005338459223,-0.000307928625,0.001717632540,0.015000000000,233.049000000000,0,0.015602652887,0.023136721014,0.024827776978,-0.003554775444,0.003686877921,-0.001959509927,0.000066051238
2014-01-01,0.001651581302,-0.040001884879,-0.034876890614,-0.032219790111,-0.039674049835,-0.032369254988,-0.035290649019,-0.036021652411,0.016000000000,233.916000000000,0,-0.041653466181,-0.036528471916,-0.033871371413,-0.041325631137,-0.034020836289,-0.036942230321,-0.037673233713
2014-02-03,0.001651581302,0.048309406057,0.044953944393,0.046757419464,0.061194030129,0.052325817540,0.057898678920,0.056759923834,0.011000000000,234.781000000000,0,0.046657824755,0.043302363091,0.045105838162,0.059542448827,0.050674236238,0.056247097618,0.055108342532
2014-03-03,0.001651581302,0.004444849806,0.007965586583,0.005923532579,0.020609362956,0.022593363490,0.020958347724,0.021601363223,0.015000000000,236.293000000000,0,0.002793268504,0.006314005282,0.004271951278,0.018957781654,0.020941782188,0.019306766422,0.019949781921
2014-04-01,0.001651581302,0.009517033264,0.007034251219,0.004389721627,0.014217164914,0.018088285895,0.016218391437,0.016152725404,0.020000000000,237.072000000000,0,0.007865451963,0.005382669917,0.002738140325,0.012565583612,0.016436704593,0.014566810135,0.014501144102
2014-05-01,0.001651581302,0.021269633967,0.022740896749,0.022305724336,0.016766961079,0.013306309938,0.015031522626,0.015036635508,0.021000000000,237.900000000000,0,0.019618052665,0.021089315447,0.020654143035,0.015115379777,0.011654728636,0.013379941324,0.013385054206
2014-06-02,0.001651581302,0.018829299816,0.020175963742,0.022275227445,-0.000357820685,-0.011532605220,-0.008835240084,-0.005945212953,0.021000000000,238.343000000000,0,0.017177718514,0.018524382440,0.020623646143,-0.002009401987,-0.013184186522,-0.010486821386,-0.007596794254
2014-07-01,0.001651581302,-0.012128636745,-0.014175986236,-0.016524078489,-0.008216435006,0.029206912599,0.009940166678,0.010495238797,0.020000000000,238.250000000000,0,-0.013780218047,-0.015827567538,-0.018175659791,-0.009868016308,0.027555331297,0.008288585376,0.008843657495
2014-08-01,0.001651581302,0.022090939248,0.039296778094,0.040688403448,0.011557551476,0.014615383232,0.013507858133,0.013086467354,0.017000000000,237.852000000000,0,0.020439357946,0.037645196792,0.039036822147,0.009905970174,0.012963801930,0.011856276831,0.011434886052
2014-09-01,0.001651581302,-0.032430198608,-0.014468850738,-0.017976044398,-0.040438069000,-0.015730321898,-0.030728619269,-0.028084195449,0.017000000000,238.031000000000,0,-0.034081779910,-0.016120432040,-0.019627625700,-0.042089650302,-0.017381903200,-0.032380200571,-0.029735776751
2014-10-01,0.001651581302,0.007042583228,0.024059029363,0.024108688896,-0.016090187338,-0.010858365825,-0.014645622691,-0.013474276582,0.017000000000,237.433000000000,0,0.005391001926,0.022407448061,0.022457107594,-0.017741768640,-0.012509947127,-0.016297203993,-0.015125857883
2014-11-03,0.001651581302,0.016728606254,0.026185757539,0.025529226691,0.002556484137,-0.007342089614,0.001013025246,-0.002392802739,0.013000000000,236.151000000000,0,0.015077024952,0.024534176237,0.023877645389,0.000904902835,-0.008993670916,-0.000638556056,-0.004044384041
2014-12-01,0.001651581302,-0.019300528810,-0.003022845065,-0.002802203111,-0.054569603238,-0.037366737863,-0.048998979915,-0.045968170551,0.008000000000,234.812000000000,0,-0.020952110112,-0.004674426367,-0.004453784413,-0.056221184540,-0.039018319165,-0.050650561217,-0.047619751852
2015-01-01,0.001651581302,-0.015630687712,-0.030325912072,-0.027749515504,-0.016376077637,-0.006576904888,-0.012525930276,-0.011476491262,-0.001000000000,233.707000000000,0,-0.017282269014,-0.031977493374,-0.029401096806,-0.018027658938,-0.008228486190,-0.014177511578,-0.013128072564
2015-02-02,0.001651581302,0.055671460067,0.056699332702,0.057089287272,0.053214847876,0.021354520520,0.044079442809,0.037284684198,0.000000000000,234.722000000000,0,0.054019878765,0.055047751400,0.055437705970,0.051563266574,0.019702939218,0.042427861507,0.035633102896
2015-03-02,0.001651581302,-0.015497924078,-0.016291824327,-0.012934361797,-0.020889036118,-0.004966021550,-0.017581613712,-0.012927528834,-0.001000000000,236.119000000000,0,-0.017149505380,-0.017943405629,-0.014585943099,-0.022540617420,-0.006617602852,-0.019233195014,-0.014579110136
2015-04-01,0.001651581302,0.029017557940,0.009274866236,0.006817584832,0.054761389167,0.038899178866,0.047811302159,0.046830284016,-0.002000000000,236.599000000000,0,0.027365976638,0.007623284934,0.005166003530,0.053109807865,0.037247597564,0.046159720857,0.045178702715
2015-05-01,0.001651581302,-0.001304646391,0.012147216846,0.012422176104,-0.027722157535,-0.025818032603,-0.027897106167,-0.026770095069,0.000000000000,237.805000000000,0,-0.002956227693,0.010495635544,0.010770594802,-0.029373738837,-0.027469613905,-0.029548687469,-0.028421676371
2015-06-01,0.001651581302,-0.023543231263,-0.019853839189,-0.019245073062,-0.021733272511,-0.019043315547,-0.020130802476,-0.020388294029,0.001000000000,238.638000000000,0,-0.025194812565,-0.021505420491,-0.020896654364,-0.023384853813,-0.020694896849,-0.021782383778,-0.022039875331
2015-07-01,0.001651581302,0.008684668765,0.020586931874,0.018935978359,-0.009704665783,-0.000885737504,-0.013247177516,-0.005295201644,0.002000000000,238.654000000000,0,0.007033087463,0.018935350572,0.017284397057,-0.011356247085,-0.002537318806,-0.014898758818,-0.006946782945
2015-08-03,0.001651581302,-0.068550466718,-0.061008413787,-0.060757193928,-0.083829351103,-0.085115777616,-0.082384528798,-0.084472564359,0.002000000000,238.316000000000,0,-0.070202048020,-0.062659995089,-0.062408775230,-0.085480932405,-0.086767358918,-0.084036110100,-0.086124145661
2015-09-01,0.001651581302,-0.036228769643,-0.025253814347,-0.027916612069,-0.040559735640,-0.032875179686,-0.037400806789,-0.036717457663,0.000000000000,237.945000000000,0,-0.037880350945,-0.026905395649,-0.029568193371,-0.042211316942,-0.034526760988,-0.039052388091,-0.038369038965
2015-10-01,0.001651581302,0.078481708822,0.083944068094,0.080532001618,0.061558887453,0.053876346841,0.056948309490,0.057717617147,0.002000000000,237.838000000000,0,0.076830127520,0.082292486792,0.078880420316,0.059907306151,0.052224765539,0.055296728188,0.056066035845
2015-11-02,0.001651581302,-0.008256040231,0.002231013648,0.002625716577,-0.037645228434,-0.050098135917,-0.044042243794,-0.043871682175,0.005000000000,237.336000000000,0,-0.009907621533,0.000579432346,0.000974135275,-0.039296809736,-0.051749717219,-0.045693825095,-0.045523263477
2015-12-01,0.001651581302,-0.018033046148,-0.016299770590,-0.018503706074,-0.010383207410,0.022505099397,-0.001152500759,0.006060945994,0.007000000000,236.525000000000,0,-0.019684627449,-0.017951351891,-0.020155287376,-0.012034788711,0.020853518096,-0.002804082061,0.004409364692
2016-01-01,0.001651581302,-0.060310712253,-0.049957479929,-0.054136936023,-0.055724027985,-0.069047055429,-0.058708654821,-0.062385541707,0.014000000000,236.916000000000,0,-0.061962293555,-0.051609061231,-0.055788517325,-0.057375609287,-0.070698636731,-0.060360236123,-0.064037123009
2016-02-01,0.001651581302,-0.006883265234,-0.002184698011,-0.001110501257,0.000385414856,0.011270906862,0.006839227734,0.005828160859,0.010000000000,237.111000000000,0,-0.008534846536,-0.003836279313,-0.002762082559,-0.001266166446,0.009619325560,0.005187646432,0.004176579557
2016-03-01,0.001651581302,0.074109665372,0.067287019721,0.069100132897,0.108227260966,0.083806652269,0.102447218781,0.096016956618,0.009000000000,238.132000000000,0,0.072458084070,0.065635438419,0.067448551595,0.106575679664,0.082155070968,0.100795637479,0.094365375316
2016-04-01,0.001651581302,0.014761114742,0.003521648451,0.005103778828,0.024639433281,0.024744913744,0.023989723373,0.024692173512,0.011000000000,239.261000000000,0,0.013109533440,0.001870067149,0.003452197526,0.022987851979,0.023093332442,0.022338142071,0.023040592210
2016-05-02,0.001651581302,0.001263473652,0.017168832054,0.016791433039,-0.031022555712,-0.024997639783,-0.031054590404,-0.028010097747,0.010000000000,240.229000000000,0,-0.000388107650,0.015517250752,0.015139851737,-0.032674137013,-0.026649221085,-0.032706171706,-0.029661679049
2016-06-01,0.001651581302,-0.006057701076,0.002085106977,0.001754334669,-0.002696069566,0.008486284240,0.003871360971,0.002895107337,0.010000000000,241.018000000000,0,-0.007709282378,0.000433525675,0.000102753367,-0.004347650868,0.006834702938,0.002219779669,0.001243526035
2016-07-01,0.001651581302,0.043096450053,0.036492832909,0.037739704037,0.048992178596,0.065938335504,0.053446964852,0.057465257050,0.008000000000,240.628000000000,0,0.041444868752,0.034841251607,0.036088122735,0.047340597294,0.064286754202,0.051795383550,0.055813675748
2016-08-01,0.001651581302,0.003362823119,0.000615420999,0.000596276087,0.005276039236,0.003405397421,0.005961983484,0.004340718328,0.011000000000,240.849000000000,0,0.001711241817,-0.001036160303,-0.001055305215,0.003624457934,0.001753816119,0.004310402182,0.002689137027
2016-09-01,0.001651581302,0.006128633496,-0.000239033980,0.000371044998,0.002908524565,-0.010223547771,-0.000433940472,-0.003657511603,0.015000000000,241.428000000000,0,0.004477052194,-0.001890615282,-0.001280536304,0.001256943263,-0.011875129073,-0.002085521774,-0.005309092905
2016-10-03,0.001651581302,-0.016972736887,-0.018595379900,-0.019826685100,-0.006119743307,-0.013851803911,-0.007722457789,-0.009985773609,0.016000000000,241.729000000000,0,-0.018624318189,-0.020246961202,-0.021478266402,-0.007771324609,-0.015503385213,-0.009374039091,-0.011637354911
2016-11-01,0.001651581302,0.007599624912,0.036176403765,0.038615019437,-0.043636332723,-0.052400482009,-0.048699697021,-0.048018407366,0.017000000000,241.353000000000,0,0.005948043611,0.034524822464,0.036963438135,-0.045287914025,-0.054052063311,-0.050351278323,-0.049669988668
2016-12-01,0.001651581302,0.021601696630,0.019295339689,0.018332974513,0.032301229426,0.010053510566,0.027058437636,0.021177369996,0.021000000000,241.432000000000,0,0.019950115328,0.017643758387,0.016681393211,0.030649648124,0.008401929264,0.025406856334,0.019525788694
2017-01-02,0.001651581302,0.027343093798,0.018642394147,0.019802677942,0.033463064497,0.036471988280,0.034607041265,0.034967526388,0.025000000000,242.839000000000,0,0.025691512496,0.016990812845,0.018151096640,0.031811483195,0.034820406978,0.032955459963,0.033315945086
2017-02-01,0.001651581302,0.028051299586,0.038950828681,0.038017679922,0.016804239952,0.022997204083,0.019639541669,0.019900722017,0.027000000000,243.603000000000,0,0.026399718284,0.037299247380,0.036366098620,0.015152658650,0.021345622781,0.017987960367,0.018249140715
2017-03-01,0.001651581302,0.012233545149,0.000700391583,0.000168992447,0.024222418785,0.001996783282,0.019446603385,0.013109601034,0.024000000000,243.801000000000,0,0.010581963847,-0.000951189719,-0.001482588855,0.022570837483,0.000345201980,0.017795022083,0.011458019732
2017-04-03,0.001651581302,0.015584663601,0.009916085251,0.010235115817,0.027193669945,0.013848877938,0.022572691251,0.020521273941,0.022000000000,244.524000000000,0,0.013933082299,0.008264503949,0.008583534515,0.025542088643,0.012197296636,0.020921109949,0.018869692639
2017-05-01,0.001651581302,0.022082854139,0.013322639036,0.012072556980,0.034446089099,0.020835951071,0.031494019526,0.027641020085,0.019000000000,244.733000000000,0,0.020431272837,0.011671057734,0.010420975678,0.032794507797,0.019184369769,0.029842438224,0.025989438783
2017-06-01,0.001651581302,0.004547444471,0.005813300046,0.006545177751,0.001929925817,0.002352077444,0.000153501854,0.002141001631,0.016000000000,244.955000000000,0,0.002895863169,0.004161718744,0.004893596449,0.000278344515,0.000700496142,-0.001498079448,0.000489420329
2017-07-03,0.001651581302,0.027946674206,0.020199234445,0.019463073892,0.042401364383,0.013726340576,0.035474789061,0.028063852479,0.017000000000,244.786000000000,0,0.026295092905,0.018547653143,0.017811492590,0.040749783081,0.012074759274,0.033823207759,0.026412271178
2017-08-01,0.001651581302,0.003831111424,0.002307122250,0.002425478751,0.008690430303,-0.032892679799,-0.001467019269,-0.012101124748,0.019000000000,245.519000000000,0,0.002179530122,0.000655540948,0.000773897450,0.007038849001,-0.034544261101,-0.003118600571,-0.013752706050
2017-09-01,0.001651581302,0.019320015533,0.020230367174,0.020905041260,0.003413525449,0.009087519544,0.005012386498,0.006250522496,0.022000000000,246.819000000000,0,0.017668434231,0.018578785872,0.019253459958,0.001761944147,0.007435938242,0.003360805196,0.004598941194
2017-10-02,0.001651581302,0.020765336771,0.022990129832,0.022613364871,0.005458573787,-0.010146200696,0.004432161094,-0.002343813454,0.020000000000,246.663000000000,0,0.019113755470,0.021338548530,0.020961783569,0.003806992485,-0.011797781998,0.002780579792,-0.003995394756
2017-11-01,0.001651581302,0.019358218123,0.029894070864,0.029765763077,-0.002025583323,0.006462323437,-0.001298034583,0.002218370057,0.022000000000,246.669000000000,0,0.017706636821,0.028242489563,0.028114181775,-0.003677164625,0.004810742135,-0.002949615885,0.000566788755
2017-12-01,0.001651581302,0.016121712692,0.010731034125,0.010773285512,0.037397409852,0.044532602963,0.036874569986,0.040965006408,0.021000000000,246.524000000000,0,0.014470131390,0.009079452823,0.009121704211,0.035745828550,0.042881021661,0.035222988684,0.039313425106
2018-01-01,0.001651581302,0.056416609363,0.056931291665,0.054591560149,0.063258962342,0.052762193214,0.059442342598,0.058010577778,0.021000000000,247.867000000000,0,0.054765028061,0.055279710363,0.052939978847,0.061607381040,0.051110611912,0.057790761296,0.056358996476
2018-02-01,0.001651581302,-0.041998272539,-0.037483775996,-0.037291620643,-0.042481550983,-0.038979282393,-0.040346816497,-0.040730416688,0.022000000000,248.991000000000,0,-0.043649853840,-0.039135357298,-0.038943201945,-0.044133132285,-0.040630863695,-0.041998397799,-0.042381997990
2018-03-01,0.001651581302,-0.021406742258,-0.025856465168,-0.023136666520,-0.013526763683,-0.003717922009,-0.009435552611,-0.008622342846,0.024000000000,249.554000000000,0,-0.023058323560,-0.027508046470,-0.024788247821,-0.015178344985,-0.005369503311,-0.011087133913,-0.010273924148
2018-04-02,0.001651581302,0.009549565109,0.003502755559,0.003080856677,0.010186815215,0.003673581956,0.008240561660,0.006930198586,0.025000000000,250.546000000000,0,0.007897983807,0.001851174257,0.001429275375,0.008535233913,0.002022000654,0.006588980358,0.005278617284
2018-05-01,0.001651581302,0.001248486969,0.023340492289,0.024832356822,-0.044707804348,-0.014488089444,-0.039044311191,-0.029597946896,0.028000000000,251.588000000000,0,-0.000403094333,0.021688910987,0.023180775520,-0.046359385650,-0.016139670746,-0.040695892493,-0.031249528198
2018-06-01,0.001651581302,-0.005415392306,0.005759864741,0.006068649121,-0.015728225651,-0.011468353631,-0.017824268417,-0.013598289641,0.029000000000,251.989000000000,0,-0.007066973608,0.004108283439,0.004417067819,-0.017379806953,-0.013119934933,-0.019475849719,-0.015249870943
2018-07-02,0.001651581302,0.030156739177,0.036855673875,0.034174295898,0.033890172302,0.035775334131,0.033569880269,0.034832753217,0.029000000000,252.006000000000,0,0.028505157876,0.035204092573,0.032522714596,0.032238591000,0.034123752829,0.031918298967,0.033181171915
2018-08-01,0.001651581302,0.007856382190,0.031887605919,0.033809467496,-0.025894627718,0.004911158565,-0.017288801171,-0.010491734577,0.027000000000,252.146000000000,0,0.006204800888,0.030236024617,0.032157886194,-0.027546209020,0.003259577263,-0.018940382473,-0.012143315879
2018-09-03,0.001651581302,0.004352206590,0.005272507333,0.003386811454,0.001816842574,-0.008423140809,-0.002276331102,-0.003303149117,0.023000000000,252.439000000000,0,0.002700625289,0.003620926031,0.001735230152,0.000165261272,-0.010074722111,-0.003927912404,-0.004954730419
2018-10-01,0.001651581302,-0.074938933516,-0.068665206091,-0.071062124901,-0.069774798415,-0.061058208485,-0.068783773796,-0.065416503450,0.025000000000,252.885000000000,0,-0.076590514818,-0.070316787393,-0.072713706203,-0.071426379717,-0.062709789787,-0.070435355098,-0.067068084752
2018-11-01,0.001651581302,0.014625417355,0.019622740755,0.019640673420,0.011488492002,0.012720633984,0.011558026117,0.012104562993,0.022000000000,252.038000000000,0,0.012973836053,0.017971159453,0.017989092118,0.009836910700,0.011069052682,0.009906444815,0.010452981691
2018-12-03,0.001651581302,-0.070434468626,-0.090739178854,-0.091523019387,-0.034172779433,-0.050111581871,-0.036283303091,-0.042142180652,0.019000000000,251.233000000000,0,-0.072086049928,-0.092390760156,-0.093174600689,-0.035824360735,-0.051763163173,-0.037934884393,-0.043793761954
2019-01-01,0.001651581302,0.078959576803,0.079702721749,0.083392085701,0.080399654644,0.079971190812,0.079839067977,0.080185422728,0.016000000000,251.712000000000,0,0.077307995501,0.078051140447,0.081740504399,0.078748073342,0.078319609510,0.078187486675,0.078533841426
2019-02-01,0.001651581302,0.026747146989,0.031393098731,0.033201871045,0.011118264869,0.008760087438,0.009902695349,0.009939176153,0.015000000000,252.776000000000,0,0.025095565687,0.029741517429,0.031550289743,0.009466683567,0.007108506136,0.008251114047,0.008287594851
2019-03-01,0.001651581302,0.012576004100,0.018978243860,0.016955170883,0.000112532876,0.002317417010,0.001570774643,0.001214974943,0.019000000000,254.202000000000,0,0.010924422798,0.017326662559,0.015303589581,-0.001539048426,0.000665835708,-0.000080806659,-0.000436606359
2019-04-01,0.001651581302,0.033765626360,0.040138411051,0.040049714020,0.023998727419,0.012077382372,0.021885390476,0.018038054896,0.020000000000,255.548000000000,0,0.032114045058,0.038486829749,0.038398132718,0.022347146117,0.010425801070,0.020233809174,0.016386473594
2019-05-01,0.001651581302,-0.059319029405,-0.064217260928,-0.064353685489,-0.048843103917,-0.037077291641,-0.049104003082,-0.042960197779,0.018000000000,256.092000000000,0,-0.060970610707,-0.065868842230,-0.066005266791,-0.050494685219,-0.038728872943,-0.050755584384,-0.044611779081
2019-06-03,0.001651581302,0.065479612568,0.070010253358,0.069745289587,0.057479940917,0.047058503736,0.049309486588,0.052269222327,0.016000000000,256.143000000000,0,0.063828031266,0.068358672056,0.068093708285,0.055828359615,0.045406922434,0.047657905286,0.050617641025
2019-07-01,0.001651581302,0.002930152644,0.014000335292,0.015181462803,-0.007103513729,-0.000982959118,-0.005550953783,-0.004043236423,0.018000000000,256.571000000000,0,0.001278571342,0.012348753990,0.013529881501,-0.008755095031,-0.002634540420,-0.007202535085,-0.005694817725
2019-08-01,0.001651581302,-0.023722298404,-0.016516209031,-0.018946739092,-0.047982826602,-0.025461650122,-0.043678853382,-0.036722238362,0.017000000000,256.558000000000,0,-0.025373879706,-0.018167790333,-0.020598320394,-0.049634407904,-0.027113231424,-0.045330434684,-0.038373819664
2019-09-02,0.001651581302,0.021041551468,0.018251145234,0.016891052112,0.020906844773,0.006839029886,0.019874341696,0.013872937329,0.017000000000,256.759000000000,0,0.019389970166,0.016599563932,0.015239470811,0.019255263471,0.005187448584,0.018222760394,0.012221356027
2019-10-01,0.001651581302,0.027368721218,0.021291564421,0.020840972263,0.028986160185,0.019226845218,0.028284856518,0.024106502701,0.018000000000,257.346000000000,0,0.025717139916,0.019639983119,0.019189390961,0.027334578883,0.017575263916,0.026633275217,0.022454921400
2019-11-01,0.001651581302,0.024411459341,0.035622371996,0.037154189888,0.004614343339,0.015642703672,0.007985308390,0.010128523505,0.021000000000,257.208000000000,0,0.022759878039,0.033970790694,0.035502608586,0.002962762037,0.013991122370,0.006333727088,0.008476942204
2019-12-02,0.001651581302,0.035215219455,0.029703655220,0.028409069751,0.049335664768,0.031651906881,0.046302480227,0.040493785824,0.023000000000,256.974000000000,0,0.033563638154,0.028052073919,0.026757488449,0.047684083466,0.030000325579,0.044650898926,0.038842204522
2020-01-01,0.001651581302,-0.011045929193,-0.000763115510,0.000727812579,-0.028893814416,-0.014658498427,-0.024773805207,-0.021776156421,0.025000000000,257.971000000000,0,-0.012697510495,-0.002414696811,-0.000923768723,-0.030545395718,-0.016310079729,-0.026425386509,-0.023427737723
2020-02-03,0.001651581302,-0.080769783915,-0.082856955688,-0.082211954221,-0.088853526888,-0.077214740685,-0.083726692043,-0.083034133786,0.023000000000,258.678000000000,0,-0.082421365217,-0.084508536990,-0.083863535523,-0.090505108190,-0.078866321986,-0.085378273345,-0.084685715088
2020-03-02,0.001651581302,-0.135003316383,-0.123994142956,-0.132627636507,-0.195230022301,-0.146851170504,-0.190029890886,-0.171040596403,0.015000000000,258.115000000000,0,-0.136654897685,-0.125645724258,-0.134279217809,-0.196881603603,-0.148502751806,-0.191681472188,-0.172692177705
2020-04-01,0.001651581302,0.107125062383,0.127788637529,0.131753700985,0.092073712201,0.089060487830,0.093729269738,0.090567100016,0.003000000000,256.389000000000,0,0.105473481081,0.126137056227,0.130102119683,0.090422130900,0.087408906528,0.092077688436,0.088915518714
2020-05-01,0.001651581302,0.043491019076,0.046921791940,0.052097222445,0.036254969938,0.022549626245,0.030834046599,0.029402298091,0.001000000000,256.394000000000,0,0.041839437775,0.045270210638,0.050445641143,0.034603388636,0.020898044943,0.029182465297,0.027750716790
2020-06-01,0.001651581302,0.031952494783,0.019438083815,0.021674402981,0.040289493163,0.032557174412,0.039436400023,0.036423333787,0.006000000000,257.797000000000,0,0.030300913481,0.017786502513,0.020022821679,0.038637911861,0.030905593110,0.037784818721,0.034771752485
2020-07-01,0.001651581302,0.052887030925,0.056000827159,0.058200010462,0.047109201262,0.051011076559,0.045622495289,0.049060138911,0.010000000000,259.101000000000,0,0.051235449623,0.054349245857,0.056548429160,0.045457619961,0.049359495257,0.043970913987,0.047408557609
2020-08-03,0.001651581302,0.061205109153,0.071335482891,0.072886029736,0.025834409768,0.036707927464,0.028511963512,0.031271168616,0.013000000000,259.918000000000,0,0.059553527851,0.069683901589,0.071234448434,0.024182828467,0.035056346163,0.026860382210,0.029619587315
2020-09-01,0.001651581302,-0.032243207496,-0.038367418972,-0.036901134053,-0.039862761870,-0.016602907112,-0.034882845670,-0.028232834491,0.014000000000,260.280000000000,0,-0.033894788797,-0.040019000274,-0.038552715354,-0.041514343172,-0.018254488414,-0.036534426972,-0.029884415793
2020-10-01,0.001651581302,-0.024308594791,-0.026915602398,-0.024411162708,-0.026172135968,-0.020886327475,-0.022231780746,-0.023529231721,0.012000000000,260.388000000000,0,-0.025960176093,-0.028567183700,-0.026062744010,-0.027823717270,-0.022537908777,-0.023883362048,-0.025180813023
2020-11-02,0.001651581302,0.123262925888,0.108889083475,0.117218721652,0.159542241070,0.088634245343,0.142667691256,0.124088243207,0.012000000000,260.229000000000,0,0.121611344586,0.107237502173,0.115567140350,0.157890659768,0.086982664041,0.141016109954,0.122436661905
2020-12-01,0.001651581302,0.046429466030,0.038050707955,0.041896569021,0.065189562312,0.031848259358,0.057110380332,0.048518910835,0.014000000000,260.474000000000,0,0.044777884728,0.036399126654,0.040244987719,0.063537981010,0.030196678056,0.055458799030,0.046867329533
2021-01-01,0.001651581302,-0.004548045952,-0.010408544515,-0.008521393753,-0.007451678169,0.007083367758,-0.000515657694,-0.000184155206,0.014000000000,261.582000000000,0,-0.006199627254,-0.012060125817,-0.010172975055,-0.009103259471,0.005431786456,-0.002167238996,-0.001835736508
2021-02-01,0.001651581302,0.023163452614,0.027129548324,0.028563798148,0.014504988605,-0.012195890990,0.008933164054,0.001154548808,0.017000000000,263.014000000000,0,0.021511871312,0.025477967022,0.026912216846,0.012853407304,-0.013847472292,0.007281582752,-0.000497032494
2021-03-01,0.001651581302,0.026709340165,0.043388840115,0.037451315945,0.011056834228,0.017442711001,0.010237896488,0.014249772614,0.026000000000,264.877000000000,0,0.025057758863,0.041737258813,0.035799734643,0.009405252926,0.015791129699,0.008586315186,0.012598191313
2021-04-01,0.001651581302,0.043722527928,0.053085907164,0.053567416449,0.027888886389,0.030488906870,0.027228306517,0.029188896630,0.042000000000,267.054000000000,0,0.042070946626,0.051434325862,0.051915835147,0.026237305087,0.028837325568,0.025576725215,0.027537315328
2021-05-03,0.001651581302,0.015562413757,0.006533567710,0.004327193020,0.035960772107,0.006965600298,0.028469099952,0.021463186202,0.050000000000,269.195000000000,0,0.013910832456,0.004881986409,0.002675611718,0.034309190805,0.005314018996,0.026817518650,0.019811604900
2021-06-01,0.001651581302,0.013177309335,0.023005348568,0.024727792695,-0.014773478280,-0.005227900824,-0.013696507636,-0.010000689552,0.054000000000,271.696000000000,1,0.011525728033,0.021353767266,0.023076211393,-0.016425059582,-0.006879482126,-0.015348088938,-0.011652270854
2021-07-01,0.001651581302,0.006890789606,0.023453520381,0.020493061002,-0.002402093877,0.008218668260,-0.001807700694,0.002908287192,0.054000000000,273.003000000000,1,0.005239208304,0.021801939080,0.018841479700,-0.004053675179,0.006567086958,-0.003459281996,0.001256705890
2021-08-02,0.001651581302,0.025029322324,0.029980920893,0.028545432114,0.042419275799,0.031135794143,0.040353748042,0.036777534971,0.053000000000,273.567000000000,1,0.023377741022,0.028329339591,0.026893850812,0.040767694497,0.029484212841,0.038702166740,0.035125953669
2021-09-01,0.001651581302,-0.041309751219,-0.046828275807,-0.046237848914,-0.034729241451,-0.032451209336,-0.032948720997,-0.033590225394,0.054000000000,274.310000000000,1,-0.042961332521,-0.048479857109,-0.047889430216,-0.036380822753,-0.034102790638,-0.034600302299,-0.035241806695
2021-10-01,0.001651581302,0.051043521267,0.069785696471,0.069125703820,0.032636558545,0.042130912668,0.035168577709,0.037383735606,0.062000000000,276.589000000000,1,0.049391939965,0.068134115169,0.067474122518,0.030984977243,0.040479331366,0.033516996407,0.035732154304
2021-11-01,0.001651581302,-0.024080454114,-0.007349268979,-0.013802230119,-0.050462223054,-0.040850673698,-0.045927899846,-0.045656448376,0.068000000000,277.948000000000,1,-0.025732035416,-0.009000850280,-0.015453811421,-0.052113804356,-0.042502255000,-0.047579481148,-0.047308029678
2021-12-01,0.001651581302,0.040000496831,0.044454273629,0.040157249427,0.039611108799,0.032382395771,0.037094383045,0.035996752285,0.070000000000,278.802000000000,1,0.038348915529,0.042802692327,0.038505668125,0.037959527497,0.030730814469,0.035442801743,0.034345170983
2022-01-03,0.001651581302,-0.049112401473,-0.051998780904,-0.056617882450,-0.011479021535,-0.030928743005,-0.013964070300,-0.021203882270,0.075000000000,281.148000000000,1,-0.050763982774,-0.053650362206,-0.058269463752,-0.013130602837,-0.032580324307,-0.015615651602,-0.022855463572
2022-02-01,0.001651581302,-0.025827244456,-0.030367065821,-0.027843972457,-0.019802483705,0.009808088407,-0.011967565976,-0.004997197649,0.079000000000,283.716000000000,1,-0.027478825758,-0.032018647123,-0.029495553759,-0.021454065007,0.008156507105,-0.013619147278,-0.006648778951
2022-03-01,0.001651581302,0.021659016008,0.036722402628,0.033348615728,0.003672094792,0.013644457218,0.008351100473,0.008658276005,0.085000000000,287.504000000000,1,0.020007434706,0.035070821326,0.031697034426,0.002020513490,0.011992875916,0.006699519171,0.007006694703
2022-04-01,0.001651581302,-0.080041834645,-0.087428146377,-0.089365392275,-0.060751130183,-0.037765731844,-0.053436965682,-0.049258431013,0.083000000000,289.109000000000,1,-0.081693415947,-0.089079727679,-0.091016973577,-0.062402711485,-0.039417313146,-0.055088546983,-0.050910012315
2022-05-02,0.001651581302,0.001170263310,0.001299439403,-0.002029144382,0.002669722525,-0.030621614531,-0.005781047204,-0.013975946003,0.086000000000,292.296000000000,1,-0.000481317992,-0.000352141898,-0.003680725684,0.001018141224,-0.032273195833,-0.007432628506,-0.015627527305
2022-06-01,0.001651581302,-0.084296359708,-0.082956569842,-0.084151865588,-0.102208929626,-0.070298297667,-0.094873904804,-0.086253613647,0.091000000000,296.311000000000,1,-0.085947941010,-0.084608151144,-0.085803446890,-0.103860510928,-0.071949878969,-0.096525486106,-0.087905194949
2022-07-01,0.001651581302,0.069832524244,0.091877473830,0.092819975406,0.036806747990,0.044997119296,0.037800235033,0.040901933643,0.085000000000,296.276000000000,1,0.068180942942,0.090225892529,0.091168394104,0.035155166688,0.043345537994,0.036148653731,0.039250352341
2022-08-01,0.001651581302,-0.036814898182,-0.041279155015,-0.038867886877,-0.019610177351,-0.016298471306,-0.015248954806,-0.017954324328,0.083000000000,296.171000000000,1,-0.038466479484,-0.042930736317,-0.040519468179,-0.021261758653,-0.017950052608,-0.016900536108,-0.019605905630
2022-09-01,0.001651581302,-0.095729302365,-0.092487269857,-0.092904022054,-0.092481796528,-0.087272552219,-0.090890142832,-0.089877174374,0.082000000000,296.808000000000,1,-0.097380883667,-0.094138851159,-0.094555603356,-0.094133377830,-0.088924133521,-0.092541724134,-0.091528755676
2022-10-03,0.001651581302,0.060347039207,0.080630526929,0.079880471755,0.059756761667,0.029651942522,0.049564116329,0.044704352095,0.077000000000,298.012000000000,1,0.058695457905,0.078978945627,0.078228890453,0.058105180365,0.028000361220,0.047912535027,0.043052770793
2022-11-01,0.001651581302,0.077563393659,0.055244349203,0.053488687010,0.103838603822,0.090013052691,0.098842392948,0.096925828257,0.071000000000,297.711000000000,1,0.075911812357,0.053592767901,0.051837105708,0.102187022520,0.088361471390,0.097190811646,0.095274246955
2022-12-01,0.001651581302,-0.039350960187,-0.058020869620,-0.058549521052,-0.004871047215,-0.005326327980,-0.007797215546,-0.005098687598,0.065000000000,296.797000000000,1,-0.041002541489,-0.059672450922,-0.060201102354,-0.006522628517,-0.006977909282,-0.009448796848,-0.006750268900
2023-01-02,0.001651581302,0.071676860740,0.062509367860,0.066734933143,0.063914438408,0.034172624604,0.055996872549,0.049043531506,0.064000000000,299.170000000000,1,0.070025279438,0.060857786558,0.065083351841,0.062262857106,0.032521043302,0.054345291247,0.047391950204
2023-02-01,0.001651581302,-0.028660002021,-0.024913612507,-0.024287769304,-0.022867947637,-0.029277435253,-0.023770780517,-0.026072691445,0.060000000000,300.840000000000,1,-0.030311583323,-0.026565193809,-0.025939350606,-0.024519528939,-0.030929016555,-0.025422361819,-0.027724272747
2023-03-01,0.001651581302,0.030832581056,0.036215326039,0.031146091767,0.010828164701,0.016293235312,0.011381509242,0.013560700007,0.050000000000,301.836000000000,1,0.029180999754,0.034563744737,0.029494510465,0.009176583399,0.014641654010,0.009729927940,0.011909118705
2023-04-03,0.001651581302,0.014372562916,0.015318591472,0.012110334299,0.023474131864,0.019429691804,0.020744877533,0.021451911834,0.049000000000,303.363000000000,1,0.012720981614,0.013667010171,0.010458752998,0.021822550562,0.017778110502,0.019093296231,0.019800330532
2023-05-01,0.001651581302,-0.010710520571,0.003786004634,0.004120545071,-0.041692697040,-0.034410637022,-0.038648053050,-0.038051667031,0.040000000000,304.127000000000,0,-0.012362101873,0.002134423332,0.002468963769,-0.043344278342,-0.036062218324,-0.040299634352,-0.039703248333
2023-06-01,0.001651581302,0.058060939563,0.065672310598,0.067138530365,0.047276107428,0.021753593504,0.037913454303,0.034514850466,0.030000000000,305.109000000000,0,0.056409358261,0.064020729296,0.065486949063,0.045624526126,0.020102012202,0.036261873001,0.032863269164
2023-07-03,0.001651581302,0.036607955166,0.031828393623,0.034104209858,0.052813724928,0.038523082702,0.050172415823,0.045668403815,0.032000000000,305.691000000000,0,0.034956373864,0.030176812321,0.032452628556,0.051162143626,0.036871501400,0.048520834521,0.044016822513
2023-08-01,0.001651581302,-0.027943919047,-0.016460133921,-0.018006288145,-0.042132265289,-0.032338140951,-0.039002855693,-0.037235203120,0.037000000000,307.026000000000,0,-0.029595500349,-0.018111715223,-0.019657869447,-0.043783846591,-0.033989722253,-0.040654436994,-0.038886784422
2023-09-01,0.001651581302,-0.041350837150,-0.047990709413,-0.047300130831,-0.030036933128,-0.020214714700,-0.025688137891,-0.025125823914,0.037000000000,307.789000000000,0,-0.043002418452,-0.049642290715,-0.048951712133,-0.031688514430,-0.021866296002,-0.027339719192,-0.026777405216
2023-10-02,0.001651581302,-0.030066852090,-0.021312207235,-0.024442060482,-0.035359033464,-0.030124791373,-0.036566302079,-0.032741912418,0.032000000000,307.671000000000,0,-0.031718433392,-0.022963788537,-0.026093641784,-0.037010614765,-0.031776372675,-0.038217883381,-0.034393493720
2023-11-01,0.001651581302,0.092295844611,0.090680619225,0.092776820115,0.088703630458,0.078043138221,0.085576314690,0.083373384340,0.031000000000,307.051000000000,0,0.090644263310,0.089029037923,0.091125238813,0.087052049156,0.076391556919,0.083924733388,0.081721803038
2023-12-01,0.001651581302,0.048033972710,0.045070117355,0.049007051517,0.052050890794,0.038629908272,0.047642935820,0.045340399533,0.034000000000,306.746000000000,0,0.046382391408,0.043418536053,0.047355470215,0.050399309492,0.036978326970,0.045991354518,0.043688818231
2024-01-01,0.001651581302,0.005862270702,0.016532030181,0.013686942134,-0.008969575371,0.015879350930,-0.004313977313,0.003454887779,0.031000000000,308.417000000000,0,0.004210689400,0.014880448880,0.012035360832,-0.010621156673,0.014227769628,-0.005965558615,0.001803306478
2024-02-01,0.001651581302,0.042913327450,0.052892850172,0.053520275298,0.016645684499,0.018588649815,0.017335666134,0.017617167157,0.032000000000,310.326000000000,0,0.041261746148,0.051241268870,0.051868693996,0.014994103197,0.016937068513,0.015684084832,0.015965585855
2024-03-01,0.001651581302,0.031396866350,0.031827597735,0.031710579168,0.016323761694,-0.023610701770,0.006333986202,-0.003643470038,0.035000000000,312.332000000000,0,0.029745285048,0.030176016433,0.030058997866,0.014672180392,-0.025262283072,0.004682404900,-0.005295051340
2024-04-01,0.001651581302,-0.032992979316,-0.041075648030,-0.042773164252,-0.008442492349,-0.024534109826,-0.012317227779,-0.016488301088,0.034000000000,313.548000000000,0,-0.034644560618,-0.042727229332,-0.044424745553,-0.010094073651,-0.026185691128,-0.013968809081,-0.018139882390
2024-05-01,0.001651581302,0.040613614188,0.049114877510,0.046635424419,0.027971488986,0.014460172713,0.023043811380,0.021215830850,0.033000000000,314.069000000000,0,0.038962032886,0.047463296208,0.044983843117,0.026319907684,0.012808591411,0.021392230078,0.019564249548
2024-06-03,0.001651581302,0.022272134526,0.035519249041,0.032736970442,-0.007266102890,0.007771416980,-0.001450526876,0.000252657045,0.030000000000,314.175000000000,0,0.020620553224,0.033867667739,0.031085389140,-0.008917684192,0.006119835678,-0.003102108178,-0.001398924257
2024-07-01,0.001651581302,0.016127485856,0.011916469415,0.014307246041,0.025897627333,0.034571100040,0.028067051226,0.030234363687,0.029000000000,314.540000000000,0,0.014475904554,0.010264888113,0.012655664739,0.024246046031,0.032919518738,0.026415469924,0.028582782385
2024-08-01,0.001651581302,0.025396501097,0.023829950211,0.023286199706,0.030706230653,0.037172386709,0.032525712102,0.033939308681,0.025000000000,314.796000000000,0,0.023744919795,0.022178368909,0.021634618404,0.029054649351,0.035520805407,0.030874130800,0.032287727379
2024-09-02,0.001651581302,0.023231088786,0.021009307128,0.021041203948,0.024733146280,0.021950696560,0.026471631546,0.023341921420,0.024000000000,315.301000000000,0,0.021579507485,0.019357725826,0.019389622646,0.023081564978,0.020299115258,0.024820050244,0.021690340118
2024-10-01,0.001651581302,-0.022446815721,-0.009318041718,-0.007202806207,-0.047149029008,-0.038652033084,-0.044560957984,-0.042900531046,0.026000000000,315.664000000000,0,-0.024098397023,-0.010969623020,-0.008854387509,-0.048800610310,-0.040303614386,-0.046212539286,-0.044552112348
2024-11-01,0.001651581302,0.037403682564,0.058281403132,0.063963245206,-0.011991498575,-0.003643011180,-0.010761687206,-0.007817254877,0.027000000000,315.493000000000,0,0.035752101262,0.056629821831,0.062311663904,-0.013643079877,-0.005294592482,-0.012413268508,-0.009468836179
2024-12-02,0.001651581302,-0.023671623729,-0.024183656353,-0.028217554799,-0.014056497257,-0.008058610511,-0.010987321544,-0.011057553884,0.029000000000,315.605000000000,0,-0.025323205031,-0.025835237655,-0.029869136101,-0.015708078559,-0.009710191813,-0.012638902846,-0.012709135186
2025-01-01,0.001651581302,0.033565955198,0.027597845891,0.031589370493,0.041669298067,0.007826956395,0.030727236296,0.024748127231,0.030000000000,317.671000000000,0,0.031914373897,0.025946264589,0.029937789191,0.040017716765,0.006175375093,0.029075654994,0.023096545929
2025-02-03,0.001651581302,-0.006024365250,-0.013406112776,-0.017832303755,0.014684488587,0.007120223735,0.009928341205,0.010902356161,0.028000000000,319.082000000000,0,-0.007675946552,-0.015057694078,-0.019483885057,0.013032907285,0.005468642433,0.008276759903,0.009250774859
2025-03-03,0.001651581302,-0.039504648135,-0.056704813697,-0.058238604389,0.012636600223,-0.007478058347,0.008380820249,0.002579270938,0.024000000000,319.799000000000,0,-0.041156229437,-0.058356394998,-0.059890185691,0.010985018921,-0.009129639648,0.006729238947,0.000927689636